EBOULEMENT,Landslide
Ecroulement de bâtiments,Collapse of Buildings
EFFONDREMENT,Collapse of Buildings
Effondrement de bâtiments,Collapse of Buildings
EFFONDREMENT STRUCTURE,Structural Collapse
Endüstriyel Kazalar,Industrial Disasters
ENVAHISSEMENT MAUVAISES HERBES,Weed Invasion
ENXURRADA,Flash Flood
Epidemia,Epidemic
EPIDEMIA,Epidemic
EPIDEMIA COVID-19 Reg Geral,Covid 19 Epidemic
EPIDEMIAS,Epidemic
EPIDEMIC,Epidemic
EPIDEMIE,Epidemic
Epidémie,Epidemic
ÉPIDÉMIE,Epidemic
Epidémies,Epidemic
Epizootia,Epizootic
EPIZOOTIE,Epizootic
Epizootie,Epizootic
EPIZOOTY,Epizootic
EROSÃO,Erosion
EROSÃO COSTEIRA,Coastal Erosion
Erosion,Erosion
Erosión,Erosion
Erosion côtière,Coastal Erosion
Erosion Côtière,Coastal Erosion
Erossion,Erosion
EXPLOSÃO,Explosion
Explosión,Explosion